{"gx_off": 0.4901123046875, "gy_off": 1.1968994140625, "gz_off": -0.2191162109375}